Con,Contp,PPName,Reg,AgtId,Agt,Dat,Lgt,N_characters,Agtp,Stage,StageSub,Loc1ISO,GCh,GChRhet,GChAntid,GChSubs,GChOth,GDis,GDisRhet,GDisAntid,GDisSubs,GDisOth,GAge,GAgeRhet,GAgeAntid,GAgeSubs,GAgeOth,GMig,GMigRhet,GMigAntid,GMigSubs,GMigOth,GRa,GRaRhet,GRaAntid,GRaSubs,GRaOth,GRe,GReRhet,GReAntid,GReSubs,GReOth,GInd,GIndRhet,GIndAntid,GIndSubs,GIndOth,GOth,GOthRhet,GOthAntid,GOthSubs,GOthOth,GRef,GRefRhet,GRefSubs,GRefOth,GSoc,GSocRhet,GSocAntid,GSocSubs,GSocOth,GeWom,GeMe,GeMeNu,GeMeOth,GeLgbti,GeLgbtiPos,GeLgbtiNeg,GeFa,CprLife,CprTort,CprEq,CprSlav,CprLib,CprDet,CprFmov,CprFspe,CprFass,CprTria,CprPriv,CprVote,CprReli,CprOth
Angola,Government/territory,Cabinda process,Africa (excl MENA),1336,Memorandum of Peace and Understanding in Cabinda Province,2006-08-01,75,194252,Intra,SubComp,FrAg,AGO,1,1,0,0,0,1,1,0,0,0,0,0,0,0,0,0,0,0,0,0,0,0,0,0,0,0,0,0,0,0,0,0,0,0,0,0,0,0,0,0,3,0,1,0,0,0,0,0,0,1,0,0,0,0,0,0,1,0,0,0,0,0,0,0,0,0,0,0,0,0,0
Burundi,Government,Burundi: Arusha and related peace process,Africa (excl MENA),1421,Constitution of 18 March 2005,2005-03-18,63,114813,Intra,SubComp,FrCons,BDI,3,0,0,1,0,2,0,1,0,0,0,0,0,0,0,0,0,0,0,0,3,1,0,1,0,3,1,1,1,0,0,0,0,0,0,0,0,0,0,0,0,0,0,0,2,0,1,0,0,1,1,1,0,1,0,1,1,1,1,0,1,1,1,1,0,1,1,1,1,1,1
Burundi,Government,Burundi: Arusha and related peace process,Africa (excl MENA),202,Accord de Partage de Pouvoir au Burundi,2004-08-06,5,8462,Intra,SubPar,Iss,BDI,0,0,0,0,0,0,0,0,0,0,0,0,0,0,0,0,0,0,0,0,3,1,0,1,0,3,1,0,1,0,0,0,0,0,0,0,0,0,0,0,0,0,0,0,0,0,0,0,0,1,0,0,0,0,0,0,0,0,0,0,0,0,0,0,0,0,0,0,0,0,0
Burundi,Government,Burundi: Arusha and related peace process,Africa (excl MENA),1419,Loi du 21 novembre 2003 portant amendement à la Constitution  de Transition du 28 octobre 2001,2003-11-21,3,6616,Intra,SubComp,FrCons,BDI,0,0,0,0,0,0,0,0,0,0,0,0,0,0,0,0,0,0,0,0,3,1,0,1,0,1,1,0,0,0,0,0,0,0,0,0,0,0,0,0,0,0,0,0,0,0,0,0,0,0,0,0,0,0,0,0,0,0,0,0,0,0,0,0,0,0,0,0,0,0,0
Burundi,Government,Burundi: Arusha and related peace process,Africa (excl MENA),584,"The Protocol on Outstanding Issues of Political, Defence and Security Power Sharing in Burundi ('Pretoria II Protocol')",2003-11-02,4,6005,Intra,SubPar,MultIss,BDI,0,0,0,0,0,0,0,0,0,0,0,0,0,0,0,0,0,0,0,0,0,0,0,0,0,0,0,0,0,0,0,0,0,0,0,0,0,0,0,0,0,0,0,0,0,0,0,0,0,0,0,0,0,0,0,0,0,0,0,0,0,0,0,0,0,0,0,0,0,0,0
Burundi,Government,Burundi: Arusha and related peace process,Africa (excl MENA),1425,Constitution de transition du 28 octobre 2001,2001-10-28,44,114277,Intra,SubComp,FrCons,BDI,3,0,0,1,0,2,0,1,0,0,0,0,0,0,0,0,0,0,0,0,3,1,1,1,0,3,1,1,1,0,0,0,0,0,0,3,1,0,1,0,3,0,1,0,1,0,1,0,0,1,1,1,0,0,0,0,1,1,1,0,0,1,1,1,0,1,1,1,1,1,1
Burundi,Government,Burundi: Arusha and related peace process,Africa (excl MENA),306,Arusha Peace and Reconciliation Agreement for Burundi,2000-08-28,93,331603,Intra,SubComp,FrAg,BDI,3,1,0,1,0,2,1,1,0,0,0,0,0,0,0,0,0,0,0,0,3,1,1,1,0,3,0,1,1,0,0,0,0,0,0,0,0,0,0,0,3,0,1,0,2,0,1,0,0,1,1,1,0,0,0,0,1,1,1,1,1,1,1,1,0,1,1,1,1,1,0
Central African Republic,Inter-group,CAR: Local Processes,Africa (excl MENA),2196,Pacte de Non-Agression et de la Libre Circulation dans La Commune de Ndenga,2017-06-10,3,3814,IntraLocal,SubPar,MultIss,CAF,1,1,0,0,0,0,0,0,0,0,0,0,0,0,0,0,0,0,0,0,0,0,0,0,0,0,0,0,0,0,0,0,0,0,0,0,0,0,0,0,1,1,0,1,0,0,0,0,0,1,1,1,0,0,0,0,0,0,0,0,0,0,0,0,0,0,0,0,0,0,0
Central African Republic,Government,CAR: coups and rebellions process,Africa (excl MENA),1659,Transitional National Charter (Interim Constitution),2013-07-18,34,64301,Intra,SubComp,FrCons,CAF,3,1,0,1,0,1,1,0,0,0,1,1,0,0,0,0,0,0,0,0,3,1,1,1,0,3,0,1,1,0,0,0,0,0,0,0,0,0,0,0,2,0,1,0,0,0,0,0,0,1,1,1,0,0,0,0,1,1,1,1,0,1,0,1,0,1,0,1,1,1,1
Central African Republic,Government,CAR: coups and rebellions process,Africa (excl MENA),809,Accord politique de Libreville sur la résolution de la crise politico-sécuritaire en République Centrafricaine,2013-01-11,4,5177,Intra,SubPar,MultIss,CAF,0,0,0,0,0,0,0,0,0,0,0,0,0,0,0,0,0,0,0,0,0,0,0,0,0,0,0,0,0,0,0,0,0,0,0,0,0,0,0,0,0,0,0,0,0,0,0,0,0,0,0,0,0,0,0,0,0,0,0,0,0,0,0,0,0,0,0,0,0,0,0
Chad,Government,Chad: Fourth War Process,Africa (excl MENA),762,Accord de paix entre le gouvernement de la République du Tchad et le Mouvement National (MN),2009-07-25,3,5589,Intra,SubPar,MultIss,TCD,0,0,0,0,0,0,0,0,0,0,0,0,0,0,0,0,0,0,0,0,0,0,0,0,0,0,0,0,0,0,0,0,0,0,0,0,0,0,0,0,3,0,1,0,0,0,0,0,0,0,0,0,0,0,0,0,0,0,0,0,0,0,0,0,0,0,0,0,0,0,0
Chad,Government,Chad: Fourth War Process,Africa (excl MENA),761,"Accord de paix entre le gouvernement du Tchad and les mouvements ci-après: UFDD, RFC, CNT, UFDDF (Accord de Syrte)",2007-10-25,3,5168,Intra,SubPar,MultIss,TCD,0,0,0,0,0,0,0,0,0,0,0,0,0,0,0,0,0,0,0,0,0,0,0,0,0,0,0,0,0,0,0,0,0,0,0,0,0,0,0,0,0,0,0,0,0,0,0,0,0,0,0,0,0,0,0,0,0,0,0,0,0,0,0,0,0,0,0,0,0,0,0
Chad,Government,Chad: Fourth War Process,Africa (excl MENA),1265,Accord politique en vue du renforcement du processus démocratique,2007-08-13,12,24865,Intra,SubPar,Iss,TCD,1,1,0,0,0,0,0,0,0,0,0,0,0,0,0,0,0,0,0,0,0,0,0,0,0,0,0,0,0,0,0,0,0,0,0,0,0,0,0,0,0,0,0,0,0,0,0,0,0,1,0,0,0,0,0,0,0,0,0,0,0,0,0,0,0,0,0,0,0,0,0
Chad,Government,Chad: 'third war' process,Africa (excl MENA),615,Peace Agreement between the Government of Chad and the Movement pur la démocratie et la justice au Tchad (MDJT),2003-12-14,3,3791,Intra,SubPar,MultIss,TCD,0,0,0,0,0,0,0,0,0,0,0,0,0,0,0,0,0,0,0,0,0,0,0,0,0,0,0,0,0,0,0,0,0,0,0,0,0,0,0,0,0,0,0,0,0,0,0,0,0,0,0,0,0,0,0,0,0,0,0,0,0,0,0,0,0,0,0,0,0,0,0
Chad,Government,Chad: 'third war' process,Africa (excl MENA),910,Peace Agreement between the Government of the Republic of Chad and the Movement for Democracy and justice in Chad (MDJT) (Tripoli Agreement),2002-01-07,2,3278,Intra,SubPar,MultIss,TCD,0,0,0,0,0,0,0,0,0,0,0,0,0,0,0,0,0,0,0,0,0,0,0,0,0,0,0,0,0,0,0,0,0,0,0,0,0,0,0,0,0,0,0,0,0,0,0,0,0,0,0,0,0,0,0,0,0,0,0,0,0,0,0,0,0,0,0,0,0,0,0
Comoros,Government/territory,Comoros-Anjouan islands peace process,Africa (excl MENA),618,Agreement on the Transitional Arrangements in the Comoros (Maroni Agreement),2003-12-20,8,12006,Intra,SubPar,MultIss,COM,0,0,0,0,0,0,0,0,0,0,0,0,0,0,0,0,0,0,0,0,0,0,0,0,0,0,0,0,0,0,0,0,0,0,0,0,0,0,0,0,0,0,0,0,0,0,0,0,0,0,0,0,0,0,0,0,0,0,0,0,0,0,0,0,0,0,0,0,0,0,0
Comoros,Government/territory,Comoros-Anjouan islands peace process,Africa (excl MENA),1334,Comoros's Constitution of 2001,2001-12-23,8,24888,Intra,SubComp,FrCons,COM,2,0,0,1,0,0,0,0,0,0,0,0,0,0,0,0,0,0,0,0,2,0,1,0,0,3,0,1,1,0,0,0,0,0,0,0,0,0,0,0,0,0,0,0,0,0,0,0,0,1,0,0,0,0,0,0,0,0,0,0,0,1,0,1,0,1,1,1,1,1,1
Comoros,Inter-group,Comoros-Anjouan islands peace process,Africa (excl MENA),1715,Communiqué Commun des Délégation d’Anjouan et de Mohéli de la Sous Commission de Lois,2001-09-01,2,3056,Intra,SubPar,Iss,COM,0,0,0,0,0,0,0,0,0,0,0,0,0,0,0,0,0,0,0,0,0,0,0,0,0,0,0,0,0,0,0,0,0,0,0,0,0,0,0,0,0,0,0,0,0,0,0,0,0,0,0,0,0,0,0,0,0,0,0,0,0,0,0,0,0,0,0,0,0,0,0
Comoros,Government/territory,Comoros-Anjouan islands peace process,Africa (excl MENA),621,General Agreement on National Reconciliation (Fomboni Agreement),2001-02-17,6,11353,Intra,SubPar,MultIss,COM,3,0,0,1,0,0,0,0,0,0,0,0,0,0,0,0,0,0,0,0,0,0,0,0,0,2,0,0,1,0,0,0,0,0,0,0,0,0,0,0,0,0,0,0,0,0,0,0,0,0,0,0,0,0,0,0,0,0,0,0,0,0,0,0,0,0,0,0,0,0,0
Comoros,Government/territory,Comoros-Anjouan islands peace process,Africa (excl MENA),620,Accords d'Antananarivo,1999-04-23,4,6000,Intra,SubPar,Iss,COM,0,0,0,0,0,0,0,0,0,0,0,0,0,0,0,0,0,0,0,0,0,0,0,0,0,0,0,0,0,0,0,0,0,0,0,0,0,0,0,0,0,0,0,0,0,0,0,0,0,0,0,0,0,0,0,0,0,0,0,0,0,0,0,0,0,0,0,0,0,0,0
Cote d'Ivoire,Government,Cote D'Ivoire: peace process,Africa (excl MENA),436,Linas-Marcoussis Agreement,2003-01-23,12,28051,Intra,SubComp,FrAg,CIV,0,0,0,0,0,0,0,0,0,0,0,0,0,0,0,3,0,0,1,0,0,0,0,0,0,0,0,0,0,0,0,0,0,0,0,0,0,0,0,0,0,0,0,0,0,0,0,0,0,1,0,0,0,0,0,0,0,0,0,0,0,0,0,0,0,0,0,0,0,0,0
Democratic Republic of Congo,Government,DRC: Second Congo war process,Africa (excl MENA),404,Intercongolese Negotiations: The Final Act ('The Sun City Agreement'),2003-04-02,95,160269,Intra,SubComp,FrAg,COD,3,1,0,1,0,3,1,0,1,0,3,1,0,1,0,0,0,0,0,0,3,1,1,1,0,3,1,1,1,0,1,1,0,0,0,0,0,0,0,0,3,1,1,0,0,0,0,0,0,1,1,1,0,0,0,0,1,1,1,1,0,1,1,1,0,1,1,0,0,1,1
Democratic Republic of Congo,Government,DRC: Second Congo war process,Africa (excl MENA),1303,Draft Constitution of the Transition,2003-04-01,60,93134,Intra,SubComp,FrCons,COD,3,1,0,1,0,2,0,0,1,0,2,0,0,1,0,0,0,0,0,0,3,0,1,1,0,3,0,1,1,0,0,0,0,0,0,0,0,0,0,0,1,0,1,0,2,0,1,0,0,1,0,0,0,1,0,1,1,1,1,1,1,1,1,1,0,1,1,1,1,1,1
Democratic Republic of Congo,Government,DRC: Second Congo war process,Africa (excl MENA),394,Global and Inclusive Agreement on Transition in the Democratic Republic of Congo ('The Pretoria Agreement'),2002-12-16,20,35179,Intra,SubPar,MultIss,COD,2,0,0,1,0,0,0,0,0,0,0,0,0,0,0,0,0,0,0,0,0,0,0,0,0,0,0,0,0,0,0,0,0,0,0,0,0,0,0,0,0,0,0,0,0,0,0,0,0,1,0,0,0,0,0,0,0,0,0,0,0,0,0,0,0,0,0,0,0,0,0
Democratic Republic of Congo,Government,DRC: Second Congo war process,Africa (excl MENA),623,Accord Politique pour la gestion consensuelle de la transition en République Démocratique du Congo,2002-04-19,9,31526,Intra,SubPar,MultIss,COD,0,0,0,0,0,0,0,0,0,0,0,0,0,0,0,0,0,0,0,0,0,0,0,0,0,0,0,0,0,0,0,0,0,0,0,0,0,0,0,0,0,0,0,0,0,0,0,0,0,0,0,0,0,0,0,0,0,0,0,0,0,0,0,0,0,0,0,0,0,0,0
Djibouti,Government/territory,Djibouti: FRUD process,Africa (excl MENA),624,Accord de Réforme et de Concorde Civile,2001-05-12,9,17091,Intra,SubComp,FrAg,DJI,2,0,0,1,0,0,0,0,0,0,0,0,0,0,0,0,0,0,0,0,0,0,0,0,0,0,0,0,0,0,0,0,0,0,0,0,0,0,0,0,1,1,0,0,0,0,0,0,0,0,0,0,0,0,0,0,0,0,0,1,0,0,0,0,0,0,0,1,0,0,1
Djibouti,Government/territory,Djibouti: FRUD process,Africa (excl MENA),197,Accord cadre de réforme et de concorde civile,2000-02-07,3,6330,Intra,SubComp,FrAg,DJI,1,1,0,0,0,0,0,0,0,0,0,0,0,0,0,0,0,0,0,0,0,0,0,0,0,0,0,0,0,0,0,0,0,0,0,0,0,0,0,0,1,0,1,0,0,0,0,0,0,0,0,0,0,0,0,0,0,0,0,0,0,0,0,0,0,1,0,0,0,1,1
Guinea,Government,Guinea peace process,Africa (excl MENA),763,Ouagadougou Joint Declaration,2010-01-15,2,4966,Intra,SubPar,MultIss,GIN,0,0,0,0,0,0,0,0,0,0,0,0,0,0,0,0,0,0,0,0,0,0,0,0,0,0,0,0,0,0,0,0,0,0,0,0,0,0,0,0,0,0,0,0,0,0,0,0,0,0,0,0,0,0,0,0,0,0,0,0,0,0,0,0,0,0,0,0,0,1,0
Guinea-Bissau,Government,Guinea Bissau peace process,Africa (excl MENA),218,Additional Protocol to the Abuja Accord of 1 November 1998 Concerning the Formation of the Government of National Unity of Guinea-Bissau,1998-12-15,2,2843,Intra,SubPar,Iss,GNB,2,0,0,1,0,0,0,0,0,0,0,0,0,0,0,0,0,0,0,0,0,0,0,0,0,0,0,0,0,0,0,0,0,0,0,0,0,0,0,0,0,0,0,0,0,0,0,0,0,0,0,0,0,0,0,0,0,0,0,0,0,0,0,0,0,0,0,0,0,0,0
Guinea-Bissau,Government,Guinea Bissau peace process,Africa (excl MENA),185,Agreement between the Government of Guinea Bissau and the Self-proclaimed military junta ('Abuja Accord'),1998-11-01,2,2873,Intra,SubPar,MultIss,GNB,0,0,0,0,0,0,0,0,0,0,0,0,0,0,0,0,0,0,0,0,0,0,0,0,0,0,0,0,0,0,0,0,0,0,0,0,0,0,0,0,0,0,0,0,0,0,0,0,0,0,0,0,0,0,0,0,0,0,0,0,0,0,0,0,0,0,0,0,0,0,0
Kenya,Inter-group,Kenya Local Agreements,Africa (excl MENA),1920,Nanyuki Peace Agreement between the Aulian Community of Garissa County and Borana Community of Isiolo County,2016-09-22,4,10753,IntraLocal,SubPar,MultIss,KEN,0,0,0,0,0,0,0,0,0,0,0,0,0,0,0,0,0,0,0,0,2,1,0,0,0,0,0,0,0,0,0,0,0,0,0,0,0,0,0,0,0,0,0,0,0,0,0,0,0,0,0,0,0,0,0,0,0,0,0,0,0,0,0,0,0,0,0,0,0,0,0
Kenya,Inter-group,Kenya Local Agreements,Africa (excl MENA),1919,Resolutions of the Meeting to Discuss the Conflict between the Communities living along the Garissa and Wajir Border,2016-06-15,2,2563,IntraLocal,SubPar,MultIss,KEN,0,0,0,0,0,0,0,0,0,0,0,0,0,0,0,0,0,0,0,0,0,0,0,0,0,0,0,0,0,0,0,0,0,0,0,0,0,0,0,0,0,0,0,0,0,0,0,0,0,0,0,0,0,0,0,0,0,0,0,0,0,0,0,0,0,0,0,0,0,0,0
Kenya,Inter-group,Kenya Local Agreements,Africa (excl MENA),1947,Mabanga Peace Accord,2011-10-21,6,11113,IntraLocal,SubPar,MultIss,KEN,2,1,0,1,0,0,0,0,0,0,0,0,0,0,0,0,0,0,0,0,3,0,1,1,0,2,0,1,0,0,0,0,0,0,0,0,0,0,0,0,2,0,1,0,0,0,0,0,0,1,0,0,0,0,0,0,0,0,0,0,0,0,0,0,0,0,0,0,0,0,0
Kenya,Government,Kenya peace process,Africa (excl MENA),832,National Accord and Reconciliation Act 2008,2008-02-28,2,4633,Intra,SubPar,Iss,KEN,0,0,0,0,0,0,0,0,0,0,0,0,0,0,0,0,0,0,0,0,0,0,0,0,0,0,0,0,0,0,0,0,0,0,0,0,0,0,0,0,0,0,0,0,0,0,0,0,0,0,0,0,0,0,0,0,0,0,0,0,0,0,0,0,0,0,0,0,0,0,0
Lesotho,Government,Lesotho process,Africa (excl MENA),1042,Memorandum of Agreement between the Government of Lesotho and the Interim Political Authority (IPA),1999-12-03,4,6212,Intra,SubPar,Iss,LSO,0,0,0,0,0,0,0,0,0,0,0,0,0,0,0,0,0,0,0,0,0,0,0,0,0,0,0,0,0,0,0,0,0,0,0,0,0,0,0,0,0,0,0,0,0,0,0,0,0,0,0,0,0,0,0,0,0,0,0,0,0,0,0,0,0,0,0,0,0,0,0
Liberia,Government,Liberia peace process,Africa (excl MENA),338,"Peace Agreement between the Government of Liberia, the Liberians United for Reconciliation and Democracy (LURD), the Movement of Democracy in Liberia (MODEL) and the Political Parties (Accra Agreement)",2003-08-18,40,90883,Intra,SubComp,FrAg,LBR,2,1,0,1,0,1,1,0,0,0,1,1,0,0,0,0,0,0,0,0,0,0,0,0,0,0,0,0,0,0,0,0,0,0,0,0,0,0,0,0,3,1,1,0,0,0,0,0,0,1,1,1,0,0,0,0,0,1,1,0,0,1,0,0,0,1,1,0,1,1,0
Madagascar,Government,Madagascar peace process,Africa (excl MENA),768,Roadmap for Ending the Crisis in Madagascar - Commitments by Malagasy Political Stakeholders,2011-09-13,6,16066,Intra,SubPar,MultIss,MDG,0,0,0,0,0,0,0,0,0,0,0,0,0,0,0,0,0,0,0,0,0,0,0,0,0,0,0,0,0,0,0,0,0,0,0,0,0,0,0,0,0,0,0,0,0,0,0,0,0,1,0,0,0,0,0,0,0,0,0,0,0,0,0,0,0,0,0,0,0,0,0
Madagascar,Government,Madagascar peace process,Africa (excl MENA),836,Charte de la Transition,2009-08-09,18,25541,Intra,SubComp,FrCons,MDG,0,0,0,0,0,0,0,0,0,0,0,0,0,0,0,0,0,0,0,0,0,0,0,0,0,3,1,0,0,0,0,0,0,0,0,0,0,0,0,0,0,0,0,0,0,0,0,0,0,0,0,0,0,0,0,0,0,0,0,0,0,0,0,0,0,0,0,0,0,0,1
Madagascar,Government,Madagascar peace process,Africa (excl MENA),2049,Accord de Dakar II,2002-06-09,2,3721,Intra,SubComp,FrAg,MDG,0,0,0,0,0,0,0,0,0,0,0,0,0,0,0,0,0,0,0,0,0,0,0,0,0,0,0,0,0,0,0,0,0,0,0,0,0,0,0,0,0,0,0,0,0,0,0,0,0,0,0,0,0,0,0,0,0,0,0,0,0,0,0,0,0,0,0,0,0,0,0
Madagascar,Government,Madagascar peace process,Africa (excl MENA),2048,Accord (Dakar I),2002-04-18,2,2781,Intra,SubComp,FrAg,MDG,0,0,0,0,0,0,0,0,0,0,0,0,0,0,0,0,0,0,0,0,0,0,0,0,0,0,0,0,0,0,0,0,0,0,0,0,0,0,0,0,0,0,0,0,0,0,0,0,0,0,0,0,0,0,0,0,0,0,0,0,0,0,0,0,0,0,0,0,0,0,0
Mali,Inter-group,Mali Local Processes,Africa (excl MENA),2298,Agreement between the Peul and Bozon communities of Kewa commune for the lifting of the blockade on Kouakourou (Mopti region),2019-01-19,3,3822,IntraLocal,SubPar,MultIss,MLI,0,0,0,0,0,0,0,0,0,0,0,0,0,0,0,0,0,0,0,0,0,0,0,0,0,0,0,0,0,0,0,0,0,0,0,0,0,0,0,0,1,0,1,0,0,0,0,0,0,0,0,0,0,0,0,0,0,0,0,0,0,0,0,0,0,0,0,0,0,0,0
Mali,Inter-group,Mali Local Processes,Africa (excl MENA),2296,Peace Charter of the communes of Alafia Doukeire and Salam,2018-01-28,3,6212,IntraLocal,SubPar,Iss,MLI,0,0,0,0,0,0,0,0,0,0,0,0,0,0,0,0,0,0,0,0,0,0,0,0,0,0,0,0,0,0,0,0,0,0,0,0,0,0,0,0,0,0,0,0,0,0,0,0,0,0,0,0,0,0,0,0,0,0,0,0,0,0,0,0,0,0,0,0,0,0,0
Mali,Government,Mali-Azawad Inter-Azawad peace process,Africa (excl MENA),1365,Accord Pour la Paix et la Reconciliation au Mali - Issu du Processus d'Alger,2015-06-20,25,62633,Intra,SubComp,FrAg,MLI,3,1,0,1,0,1,1,0,0,0,0,0,0,0,0,0,0,0,0,0,1,1,0,0,0,0,0,0,0,0,0,0,0,0,0,0,0,0,0,0,3,0,1,0,0,0,0,0,0,1,0,0,0,0,0,0,0,0,0,0,0,1,0,0,0,0,0,0,0,1,0
Mali,Inter-group,Mali - Niger: local agreements in border areas,Africa (excl MENA),2292,"Understanding between the Tarbanasa, Ibawen and Targaitamout communities in the Tamalet area",2018-04-28,6,11789,IntraLocal,SubPar,MultIss,MLI,0,0,0,0,0,0,0,0,0,0,0,0,0,0,0,0,0,0,0,0,0,0,0,0,0,0,0,0,0,0,0,0,0,0,0,0,0,0,0,0,0,0,0,0,0,0,0,0,0,0,0,0,0,0,0,0,0,0,0,0,0,0,0,0,0,0,0,0,0,0,0
Niger,Government/territory,Niger peace process,Africa (excl MENA),204,Accord établissant une paix définitive entre le Gouvernement de la République du Niger et l'Organisation de la Résistance Armée,1995-04-15,9,22196,Intra,SubComp,FrAg,NER,0,0,0,0,0,0,0,0,0,0,0,0,0,0,0,0,0,0,0,0,0,0,0,0,0,0,0,0,0,0,0,0,0,0,0,0,0,0,0,0,1,0,1,0,0,0,0,0,0,0,0,0,0,0,0,0,0,0,0,0,0,0,0,0,0,0,0,0,0,0,0
Sierra Leone,Government,Sierra Leone peace process,Africa (excl MENA),478,Peace Agreement between the Government of Sierra Leone and the Revolutionary United Front of Sierra Leone (RUF/SL) (Lome Agreement),1999-07-07,28,53965,Intra,SubComp,FrAg,SLE,1,1,0,0,0,2,0,0,1,0,0,0,0,0,0,0,0,0,0,0,0,0,0,0,0,2,0,0,1,0,0,0,0,0,0,0,0,0,0,0,3,0,1,0,0,0,0,0,0,1,1,1,0,0,0,0,0,1,1,0,0,1,0,0,0,1,1,0,1,1,0
Sierra Leone,Government,Sierra Leone peace process,Africa (excl MENA),374,Communiqué issued at Conakry on 23 October 1997 at the conclusion of the meeting between the Ministers of Foreign Affairs of the Committee of Five on Sierra Leone of the Economic Community of West African States and the delegation representing Major Johnny Paul Koromah,1997-10-23,2,3700,InterIntra,SubPar,MultIss,SLE,0,0,0,0,0,0,0,0,0,0,0,0,0,0,0,0,0,0,0,0,0,0,0,0,0,0,0,0,0,0,0,0,0,0,0,0,0,0,0,0,1,1,0,0,0,0,0,0,0,0,0,0,0,0,0,0,0,0,0,0,0,0,0,0,0,0,0,0,0,0,0
Sierra Leone,Government,Sierra Leone peace process,Africa (excl MENA),476,"Peace Agreement between the Government of the Republic of Sierra Leone and the Revolutionary United Front of Sierra Leone, signed at Abidjan ('Abidjan Accord')",1996-11-30,11,19399,Intra,SubComp,FrAg,SLE,2,0,0,1,0,1,1,0,0,0,0,0,0,0,0,0,0,0,0,0,0,0,0,0,0,0,0,0,0,0,0,0,0,0,0,0,0,0,0,0,0,0,0,0,1,1,0,0,0,0,0,0,0,0,0,0,0,1,1,0,0,1,0,0,0,1,1,0,1,1,0
Somalia,Government/territory,Somalia Peace Process,Africa (excl MENA),797,Central Regions State Formation Agreement (Mudug and Galgadug),2014-07-30,4,4490,IntraLocal,SubPar,Iss,SOM,0,0,0,0,0,0,0,0,0,0,0,0,0,0,0,0,0,0,0,0,2,0,0,1,0,0,0,0,0,0,0,0,0,0,0,0,0,0,0,0,0,0,0,0,0,0,0,0,0,0,0,0,0,0,0,0,0,0,0,0,0,0,0,0,0,0,0,0,0,0,0
Somalia,Government/territory,Somalia Peace Process,Africa (excl MENA),795,"Agreement: An Inclusive Interim Administration for the South West Regions of Somalia (Bay, Bakol and Lower Shabelle)",2014-06-22,3,4435,IntraLocal,SubPar,Iss,SOM,0,0,0,0,0,0,0,0,0,0,0,0,0,0,0,0,0,0,0,0,0,0,0,0,0,0,0,0,0,0,0,0,0,0,0,0,0,0,0,0,0,0,0,0,0,0,0,0,0,0,0,0,0,0,0,0,0,0,0,0,0,0,0,0,0,0,0,0,0,0,0
Somalia,Government/territory,Somalia Peace Process,Africa (excl MENA),791,Agreement between the Federal Government of Somalia and Jubba Delegation,2013-08-27,4,10989,Intra,SubPar,Iss,SOM,0,0,0,0,0,0,0,0,0,0,0,0,0,0,0,0,0,0,0,0,2,0,0,1,0,0,0,0,0,0,0,0,0,0,0,0,0,0,0,0,0,0,0,0,0,0,0,0,0,0,0,0,0,0,0,0,0,0,0,0,0,0,0,0,0,0,0,0,0,0,0
Somalia,Government/territory,Somalia Peace Process,Africa (excl MENA),1360,Provisional Constitution of The Federal Republic of Somalia,2012-08-01,66,142251,Intra,SubComp,FrCons,SOM,3,0,0,1,0,3,0,1,1,0,3,0,1,1,0,0,0,0,0,0,3,0,1,1,0,3,0,1,1,0,0,0,0,0,0,2,0,1,0,0,3,0,1,0,2,0,1,0,0,1,0,0,0,0,0,0,1,1,1,0,1,1,1,1,0,1,1,0,1,1,1
Somalia,Government/territory,Somalia Peace Process,Africa (excl MENA),745,Consultative Meeting on Ending the Transition in Somalia: Statement on Adoption of the Roadmap (Kampala Roadmap),2011-09-06,12,32368,Intra,SubComp,FrAg,SOM,1,1,0,0,0,0,0,0,0,0,0,0,0,0,0,0,0,0,0,0,0,0,0,0,0,1,1,0,0,0,0,0,0,0,0,0,0,0,0,0,0,0,0,0,0,0,0,0,0,1,0,0,0,0,0,0,0,0,0,0,0,0,0,0,0,0,0,0,0,0,0
Somalia,Government,Somalia Peace Process,Africa (excl MENA),746,Agreement between the President of the Transitional Federal Government of Somalia and the Speaker of the Transitional Federal Parliament (The Kampala Accord),2011-06-09,3,6501,Intra,SubPar,Iss,SOM,0,0,0,0,0,0,0,0,0,0,0,0,0,0,0,0,0,0,0,0,0,0,0,0,0,0,0,0,0,0,0,0,0,0,0,0,0,0,0,0,0,0,0,0,0,0,0,0,0,0,0,0,0,0,0,0,0,0,0,0,0,0,0,0,0,0,0,0,0,0,0
Somalia,Government,Somalia Peace Process,Africa (excl MENA),747,Agreement between the Transitional Federal Government of Somalia and Ahlu Sunna Waljama’a,2010-03-15,5,5347,Intra,SubPar,Iss,SOM,0,0,0,0,0,0,0,0,0,0,0,0,0,0,0,0,0,0,0,0,0,0,0,0,0,2,0,0,1,0,0,0,0,0,0,0,0,0,0,0,0,0,0,0,0,0,0,0,0,0,0,0,0,0,0,0,0,0,0,0,0,0,0,0,0,0,0,0,0,1,0
Somalia,Government,Somalia Peace Process,Africa (excl MENA),686,"Decision on the High Level Committee, Djibouti Agreement",2008-11-25,2,3100,Intra,SubPar,Iss,SOM,0,0,0,0,0,0,0,0,0,0,0,0,0,0,0,0,0,0,0,0,0,0,0,0,0,0,0,0,0,0,0,0,0,0,0,0,0,0,0,0,0,0,0,0,0,0,0,0,0,1,0,0,0,0,0,0,0,0,0,0,0,0,0,0,0,0,0,0,0,0,0
Somalia,Inter-group,Somali Local Peace Processes,Africa (excl MENA),1858,Final Agreement from the National Reconciliation Commission-led Initiative,2007-01-15,7,11489,IntraLocal,SubComp,FrAg,SOM,0,0,0,0,0,0,0,0,0,0,0,0,0,0,0,0,0,0,0,0,1,1,0,0,0,1,1,0,0,1,0,0,0,0,0,0,0,0,0,0,0,0,0,0,0,0,0,0,0,0,0,0,0,0,0,0,0,0,0,0,0,0,0,0,0,0,0,0,0,0,0
Somalia,Government/territory,Somalia Peace Process,Africa (excl MENA),590,The Transitional Federal Charter of the Somali Republic,2004-01-29,40,54660,Intra,SubComp,FrAg,SOM,3,0,0,1,0,2,0,0,1,0,3,0,0,1,0,0,0,0,0,0,3,0,1,1,0,3,0,1,1,0,0,0,0,0,0,0,0,0,0,0,2,0,1,0,2,0,0,1,0,1,0,0,0,0,0,0,1,1,1,1,1,1,1,1,0,1,1,1,1,1,0
Somalia,Government/territory,Somalia Peace Process,Africa (excl MENA),359,Declaration on Cessation of Hostilities and the Structures and Principles of the Somalia National Reconciliation Process (Eldorat Declaration),2002-10-27,8,6674,Intra,SubPar,MultIss,SOM,0,0,0,0,0,0,0,0,0,0,0,0,0,0,0,0,0,0,0,0,0,0,0,0,0,0,0,0,0,0,0,0,0,0,0,0,0,0,0,0,0,0,0,0,0,0,0,0,0,0,0,0,0,0,0,0,0,1,0,0,0,0,0,0,0,0,0,0,0,0,0
Somalia,Government/territory,Somalia Peace Process,Africa (excl MENA),1682,Declaration of National Commitment (Arta Declaration) ,2000-05-05,8,24662,Intra,SubPar,MultIss,SOM,0,0,0,0,0,0,0,0,0,0,0,0,0,0,0,0,0,0,0,0,2,0,0,1,0,0,0,0,0,0,0,0,0,0,0,0,0,0,0,0,1,1,0,0,0,0,0,0,0,1,1,1,0,0,0,0,0,0,0,0,0,0,0,0,0,0,0,0,1,1,1
Somalia,Government,Somalia Peace Process,Africa (excl MENA),317,Cairo Declaration on Somalia,1997-12-22,9,16571,Intra,SubPar,MultIss,SOM,0,0,0,0,0,0,0,0,0,0,0,0,0,0,0,0,0,0,0,0,0,0,0,0,0,0,0,0,0,0,0,0,0,0,0,0,0,0,0,0,0,0,0,0,0,0,0,0,0,0,0,0,0,0,0,0,0,0,0,0,0,0,0,1,0,0,0,0,0,0,0
Somalia,Government/territory,Somalia Peace Process,Africa (excl MENA),1605,National Leaders Forum Communiqué,2016-04-12,3,7557,Intra,SubPar,Iss,SOM,2,0,0,1,0,0,0,0,0,0,0,0,0,0,0,0,0,0,0,0,2,0,0,1,0,0,0,0,0,0,0,0,0,0,0,0,0,0,0,0,0,0,0,0,0,0,0,0,0,1,0,0,0,0,0,0,0,0,0,0,0,0,0,0,0,0,0,0,0,0,0
Somalia,Government/territory,Somalia-Puntland Peace Process,Africa (excl MENA),1606,Agreement Between the Federal Government of Somalia and the Government of Puntland State of Somalia,2016-04-03,3,6195,Intra,SubPar,MultIss,SOM,0,0,0,0,0,0,0,0,0,0,0,0,0,0,0,0,0,0,0,0,2,0,0,1,0,0,0,0,0,0,0,0,0,0,0,0,0,0,0,0,0,0,0,0,0,0,0,0,0,1,0,0,0,0,0,0,0,0,0,0,0,0,0,0,0,0,0,0,0,0,0
Somalia,Government/territory,Somalia Peace Process,Africa (excl MENA),1680,"The Garowe II Principles on Federalism, System of Government and Ending of Transition through operationalizing Garowe I (Garowe II)",2012-02-07,9,15646,Intra,SubPar,Iss,SOM,2,0,0,1,0,0,0,0,0,0,2,0,0,1,0,0,0,0,0,0,0,0,0,0,0,0,0,0,0,0,0,0,0,0,0,0,0,0,0,0,0,0,0,0,0,0,0,0,0,1,1,1,0,0,0,0,0,0,0,0,0,0,0,0,0,0,0,0,1,0,0
Somalia,Government/territory,Somalia Peace Process,Africa (excl MENA),1681,The Garowe Principles on the Finalization and Adoption of the Constitution and the End of Transition (Garowe I),2011-12-24,4,8070,Intra,SubPar,Iss,SOM,0,0,0,0,0,0,0,0,0,0,0,0,0,0,0,0,0,0,0,0,0,0,0,0,0,0,0,0,0,0,0,0,0,0,0,0,0,0,0,0,0,0,0,0,0,0,0,0,0,1,0,0,0,0,0,0,0,0,0,0,0,0,0,0,0,0,0,0,0,0,0
South Sudan,Territory,South Sudan: Post-secession Local agreements,Africa (excl MENA),2264,Resolutions of Mukaya County Peace and Reconciliation Conference (Yei River State) ,2019-03-16,2,2640,IntraLocal,SubPar,MultIss,SSD,0,0,0,0,0,0,0,0,0,0,0,0,0,0,0,0,0,0,0,0,0,0,0,0,0,0,0,0,0,0,0,0,0,0,0,0,0,0,0,0,0,0,0,0,0,0,0,0,0,1,0,0,0,0,0,0,0,0,0,0,0,0,0,0,0,0,0,0,0,0,0
South Sudan,Inter-group,South Sudan: Post-secession Local agreements,Africa (excl MENA),2267,Agreement on the Demands of the Equatoria Non-Allied Force (ENAF) Yei State Government NSS/ISB and EPC Peace Desk and Communique,2019-02-18,13,14069,IntraLocal,SubPar,,SSD,2,0,0,1,0,2,0,0,1,0,2,0,0,1,0,0,0,0,0,0,2,0,0,1,0,0,0,0,0,0,0,0,0,0,0,0,0,0,0,0,1,1,1,0,0,0,0,0,0,0,0,0,0,0,0,0,0,0,0,0,0,0,0,0,0,0,0,0,0,0,0
South Sudan,Government,South Sudan post-secession process,Africa (excl MENA),2112,Revitalised Agreement on the Resolution of the Conflict in the Republic of South Sudan (R-ARCSS),2018-09-12,122,156753,Intra,SubComp,FrAg,SSD,3,1,0,1,0,2,0,0,1,0,0,0,0,0,0,0,0,0,0,0,2,0,0,1,0,2,0,0,1,0,1,1,0,0,0,2,0,0,1,0,2,1,1,0,0,0,0,0,0,1,1,0,1,0,0,0,1,0,0,0,0,0,0,1,0,0,0,0,0,0,0
South Sudan,Government,South Sudan post-secession process,Africa (excl MENA),2111,Agreement on Outstanding issues of Governance,2018-08-05,14,19762,Intra,SubPar,MultIss,SSD,1,0,0,1,0,0,0,0,0,0,0,0,0,0,0,0,0,0,0,0,1,1,0,0,0,1,0,0,1,0,0,0,0,0,0,0,0,0,0,0,2,0,1,0,0,0,0,0,0,1,0,0,0,0,0,0,0,0,0,0,0,0,0,0,0,0,0,0,0,0,0
South Sudan,Government,South Sudan post-secession process,Africa (excl MENA),1357,Agreement on the Resolution of the Conflict in the Republic of South Sudan (ARCSS),2015-08-17,75,58483,Intra,SubComp,FrAg,SSD,3,1,0,1,0,2,1,0,1,0,2,0,0,1,0,0,0,0,0,0,3,0,1,1,0,2,0,1,0,0,0,0,0,0,0,3,0,1,1,0,3,0,1,0,0,0,0,0,0,1,1,1,0,0,0,0,1,0,0,0,0,0,0,0,0,0,0,0,0,0,1
South Sudan,Inter-group,South Sudan post-secession process,Africa (excl MENA),906,Agreement on the Reunification of the Sudan People's Liberation Movement (Arusha Agreement),2015-01-21,15,33043,Intra,SubComp,FrAg,SSD,2,0,0,1,0,0,0,0,0,0,2,0,0,1,0,0,0,0,0,0,1,1,0,0,0,1,1,0,0,0,0,0,0,0,0,0,0,0,0,0,1,1,0,0,0,0,0,0,0,1,0,0,0,0,0,0,0,0,0,0,0,0,0,0,0,0,0,0,0,0,0
South Sudan,Government,South Sudan post-secession process,Africa (excl MENA),1186,Protocol on Agreed Principles on Transitional Arrangements Towards Resolution of the Crises in South Sudan,2014-08-25,6,15806,Intra,SubComp,,SSD,2,0,0,1,0,2,0,0,1,0,0,0,0,0,0,0,0,0,0,0,0,0,0,0,0,0,0,0,0,0,0,0,0,0,0,0,0,0,0,0,1,1,1,0,0,0,0,0,0,1,0,0,0,0,0,0,0,0,0,0,0,0,0,0,0,0,0,0,0,0,0
South Sudan,Inter-group,South Sudan: Post-secession Local agreements,Africa (excl MENA),1844,Recommendations of the Terekeka Peace Conference,2014-05-30,3,7273,IntraLocal,SubPar,MultIss,SSD,1,1,0,0,1,0,0,0,0,0,0,0,0,0,0,0,0,0,0,0,2,0,1,0,0,0,0,0,0,0,0,0,0,0,0,0,0,0,0,0,0,0,0,0,0,0,0,0,0,1,0,0,0,0,0,0,0,0,0,1,0,0,0,0,0,0,0,0,0,0,0
South Sudan,Government,South Sudan: Post-secession Local agreements,Africa (excl MENA),1675,Agreement on Resolution of the Conflict in Jonglei State between Government of the Republic of South Sudan and South Sudan Democratic Movement/Army-Cobra Faction (SSDM-SSDA-Cobra) (Yau Yau Agreement),2014-05-09,15,16641,IntraLocal,SubComp,FrAg,SSD,2,0,0,1,0,2,0,0,1,0,0,0,0,0,0,0,0,0,0,0,3,1,0,1,0,1,1,0,0,0,0,0,0,0,0,0,0,0,0,0,3,1,1,0,0,0,0,0,0,1,0,0,0,0,0,0,0,0,0,0,0,0,0,0,0,0,0,0,0,0,0
South Sudan,Inter-group,South Sudan: Post-secession Local agreements,Africa (excl MENA),1843,"Gogrial Agreement (between  Twic, Aweil East, Aweil South and Gogrial West Counties)",2013-07-13,3,4761,IntraLocal,SubPar,,SSD,0,0,0,0,0,0,0,0,0,0,0,0,0,0,0,0,0,0,0,0,0,0,0,0,0,0,0,0,0,0,0,0,0,0,0,0,0,0,0,0,0,0,0,0,0,0,0,0,0,1,0,0,0,0,0,0,0,0,0,0,0,0,0,0,0,0,0,0,0,0,0
South Sudan,Government,South Sudan post-secession process,Africa (excl MENA),879,"Agreement between the Government of the Republic of South Sudan (GRSS) and the South Sudan Democratic Movement/Army (SSDM/A)
",2012-02-27,4,5932,Intra,SubPar,MultIss,SSD,0,0,0,0,0,0,0,0,0,0,0,0,0,0,0,0,0,0,0,0,0,0,0,0,0,0,0,0,0,0,0,0,0,0,0,0,0,0,0,0,0,0,0,0,0,0,0,0,0,0,0,0,0,0,0,0,0,0,0,0,0,0,0,0,0,0,0,0,0,0,0
South Sudan,Government/territory,Sudanese (North-South) peace process,Africa (excl MENA),1800,The Interim National Constitution of the Republic of Sudan 2005,2005-07-06,122,190880,Intra,SubComp,FrCons,SSD,3,1,0,1,0,3,0,1,1,0,3,0,1,1,0,0,0,0,0,0,3,1,1,1,0,3,1,1,1,1,2,0,0,1,0,0,0,0,0,0,1,0,1,0,0,0,0,0,0,1,0,0,0,0,0,0,1,1,1,1,1,1,1,1,0,1,1,1,1,1,1
South Sudan,Government/territory,Sudanese (North-South) peace process,Africa (excl MENA),337,Comprehensive Peace Agreement between the Government of the Republic of the Sudan and the Sudan People's Liberation Army/Sudan People's Liberation Movement (Naivasha Agreement),2005-01-09,245,368567,Intra,SubComp,FrAg,SSD,3,0,1,1,0,3,0,0,1,0,3,0,0,1,0,0,0,0,0,0,3,1,1,1,0,3,1,1,1,0,2,0,0,1,0,2,0,1,0,0,3,0,1,0,3,0,1,1,0,1,1,1,0,0,0,0,1,1,1,1,1,1,0,1,0,1,1,1,1,1,0
South Sudan,Government/territory,Sudanese (North-South) peace process,Africa (excl MENA),498,Protocol between the Government of the Sudan and the Sudan People's Liberation Movement (SPLM) on Power Sharing,2004-05-26,63,74270,Intra,SubPar,Iss,SSD,3,0,1,1,0,3,0,0,1,0,0,0,0,0,0,0,0,0,0,0,2,1,1,0,0,3,0,1,1,0,2,0,0,1,0,2,0,1,0,0,1,0,1,0,2,1,1,0,0,1,1,1,0,0,0,0,1,1,1,0,1,1,0,1,0,1,1,1,1,1,0
South Sudan,Government/territory,Sudanese (North-South) peace process,Africa (excl MENA),385,Framework Agreement on Wealth Sharing during the Pre-interim and Interim Periods between the Government of the Sudan (GOS) and the Sudan People's Liberation Movement/Sudan People's Liberation Army (SPLM/A),2004-01-07,19,40069,Intra,SubPar,Iss,SSD,0,0,0,0,0,0,0,0,0,0,0,0,0,0,0,0,0,0,0,0,2,0,1,0,0,2,0,1,0,0,0,0,0,0,0,2,0,1,0,0,3,0,1,0,0,0,0,0,0,1,0,0,0,0,0,0,0,0,0,0,0,0,0,0,0,0,1,0,1,1,0
South Sudan,Government/territory,Sudanese (North-South) peace process,Africa (excl MENA),451,Memorandum of Understanding between the Government of the Sudan and the Sudan People's Liberation Movement/Army on Aspects of Structures of Government,2002-11-18,3,4132,Intra,SubPar,Iss,SSD,0,0,0,0,0,0,0,0,0,0,0,0,0,0,0,0,0,0,0,0,0,0,0,0,0,0,0,0,0,0,0,0,0,0,0,0,0,0,0,0,0,0,0,0,0,0,0,0,0,0,0,0,0,0,0,0,0,0,0,0,0,0,0,0,0,0,0,0,0,0,0
South Sudan,Government/territory,Sudanese (North-South) peace process,Africa (excl MENA),440,Machakos Protocol,2002-07-20,9,13716,Intra,SubPar,MultIss,SSD,0,0,0,0,0,0,0,0,0,0,0,0,0,0,0,0,0,0,0,0,1,1,0,0,0,3,1,1,1,0,0,0,0,0,0,0,0,0,0,0,1,0,1,0,0,0,0,0,0,1,0,0,0,0,0,0,1,0,0,1,0,0,0,0,0,1,0,0,0,1,0
South Sudan,Government/territory,Sudanese (North-South) peace process,Africa (excl MENA),1039,Fashoda Peace Agreement,1997-09-20,1,1879,Intra,SubPar,Iss,SSD,0,0,0,0,0,0,0,0,0,0,0,0,0,0,0,0,0,0,0,0,0,0,0,0,0,0,0,0,0,0,0,0,0,0,0,0,0,0,0,0,0,0,0,0,0,0,0,0,0,0,0,0,0,0,0,0,0,0,0,0,0,0,0,0,0,0,0,0,0,0,0
South Sudan,Government/territory,Sudanese (North-South) peace process,Africa (excl MENA),550,Sudan Peace Agreement,1997-04-21,20,40593,Intra,SubPar,MultIss,SSD,1,1,0,0,0,2,0,0,1,0,0,0,0,0,0,0,0,0,0,0,2,1,1,0,0,2,1,1,0,0,0,0,0,0,0,0,0,0,0,0,3,0,1,0,0,0,0,0,0,1,0,0,0,0,0,0,1,1,1,1,0,1,1,1,0,1,1,1,0,1,0
South Sudan,Government/territory,Kordofan - Blue Nile - Abyei process,Africa (excl MENA),852,"Framework Agreement between Government of the Sudan and Sudan People’s Liberation Movement (North) (SPLM-North) on Political Partnership between the National Congress Party (NCP) and SPLM-N, and Political and Security Arrangements in Blue Nile and Southern Kordofan States ",2011-06-28,7,8960,Intra,SubPar,MultIss,SDN,0,0,0,0,0,0,0,0,0,0,0,0,0,0,0,0,0,0,0,0,0,0,0,0,0,0,0,0,0,0,0,0,0,0,0,0,0,0,0,0,0,0,0,0,0,0,0,0,0,0,0,0,0,0,0,0,0,0,0,0,0,0,0,0,0,1,0,0,1,0,0
South Sudan,Government/territory,Kordofan - Blue Nile - Abyei process,Africa (excl MENA),750,Agreement between the Government of Sudan and the Sudan People's Liberation Movement on temporary arrangements for the administration and security of the Abyei Area,2011-06-20,10,10222,Intra,SubPar,MultIss,SDN,0,0,0,0,0,0,0,0,0,0,0,0,0,0,0,0,0,0,0,0,0,0,0,0,0,0,0,0,0,0,0,0,0,0,0,0,0,0,0,0,1,0,1,0,0,0,0,0,0,0,0,0,0,0,0,0,0,0,0,0,0,0,0,1,0,0,0,0,0,0,0
South Sudan,Inter-group,Kordofan - Blue Nile - Abyei process,Africa (excl MENA),1671,"Misseriyya and Dinka Ngok Conference, Conference Agreement, Kadugli ",2011-01-13,3,8746,IntraLocal,SubPar,MultIss,SDN,0,0,0,0,0,0,0,0,0,0,0,0,0,0,0,0,0,0,0,0,3,0,0,1,0,0,0,0,0,0,0,0,0,0,0,0,0,0,0,0,1,1,0,0,0,0,0,0,0,0,0,0,0,0,0,0,1,0,0,0,0,0,0,0,0,0,0,0,0,0,0
South Sudan,Government/territory,Kordofan - Blue Nile - Abyei process,Africa (excl MENA),583,The Protocol between the Government of Sudan and the People's Liberation Movement on the Resolution of the Abyei Conflict,2004-05-26,9,9749,Intra,SubPar,MultIss,SDN,0,0,0,0,0,0,0,0,0,0,0,0,0,0,0,0,0,0,0,0,0,0,0,0,0,0,0,0,0,0,0,0,0,0,0,0,0,0,0,0,3,0,1,0,0,0,0,0,0,0,0,0,0,0,0,0,0,0,0,0,0,0,0,0,0,0,0,0,0,0,0
South Sudan,Government/territory,Kordofan - Blue Nile - Abyei process,Africa (excl MENA),496,Protocol between the Government of Sudan and the Sudan People's Liberation Movement on the Resolution of Conflict in Southern Kordofan/Nuba Mountains and the Blue Nile States,2004-05-26,18,22601,Intra,SubPar,MultIss,SDN,3,0,0,1,0,3,0,0,1,0,0,0,0,0,0,0,0,0,0,0,2,0,1,0,0,2,0,1,0,0,0,0,0,0,0,0,0,0,0,0,1,0,1,0,0,0,0,0,0,1,0,0,0,0,0,0,1,0,0,0,0,0,0,0,0,0,0,0,0,0,0
South Sudan,Government/territory,Kordofan - Blue Nile - Abyei process,Africa (excl MENA),1033,Declaration of Principles for the Resolution of the Nuba Mountains’ Problem,1996-07-31,5,9806,Intra,SubPar,MultIss,SSD,0,0,0,0,0,0,0,0,0,0,0,0,0,0,0,0,0,0,0,0,0,0,0,0,0,0,0,0,0,0,1,1,0,0,0,0,0,0,0,0,3,0,1,0,0,0,0,0,0,0,0,0,0,0,0,0,0,0,0,0,0,0,0,0,0,0,0,0,1,1,0
Sudan,Government/territory,Sudan Transition Process,Africa (excl MENA),2243,Political agreement on establishing the structures and institutions of the transitional period between the Transitional Military Council and the Declaration of Freedom and Change Forces ,2019-07-17,4,8172,Intra,SubPar,MultIss,SDN,1,1,0,0,0,0,0,0,0,0,0,0,0,0,0,0,0,0,0,0,0,0,0,0,0,0,0,0,0,0,0,0,0,0,0,0,0,0,0,0,0,0,0,0,0,0,0,0,0,1,0,0,0,0,0,0,0,0,0,0,0,0,0,0,0,0,0,0,0,0,0
Sudan,Government/territory,Sudanese (North-South) peace process,Africa (excl MENA),1060,Agreement between the Government of Sudan and the National Democratic Alliance (NDA) (Cairo Agreement),2005-06-18,8,22437,Intra,SubComp,FrAg,SDN,0,0,0,0,0,0,0,0,0,0,0,0,0,0,0,0,0,0,0,0,2,1,1,0,0,2,1,1,0,0,0,0,0,0,0,0,0,0,0,0,3,0,1,0,0,0,0,0,0,1,1,1,0,0,0,0,0,0,0,0,0,0,0,0,0,1,0,0,0,1,0
Sudan,Government/territory,Darfur-Sudan peace process,Africa (excl MENA),853,"Doha Document for Peace in Darfur (DDPD)
",2011-05-31,106,193468,Intra,SubComp,FrAg,SDN,3,1,1,1,0,2,1,0,1,0,1,1,0,0,0,2,0,0,1,0,3,1,1,1,1,2,0,1,0,0,0,0,0,0,0,2,0,1,0,0,3,0,1,1,2,0,1,0,0,1,1,1,0,0,0,0,1,1,1,1,0,1,0,1,0,1,1,0,1,1,1
Sudan,Government/territory,Darfur-Sudan peace process,Africa (excl MENA),753,Framework Agreement to Resolve the Conflict in Darfur between the Government of Sudan and the LJM,2010-03-18,4,11493,Intra,SubPar,MultIss,SDN,1,1,0,0,0,0,0,0,0,0,0,0,0,0,0,0,0,0,0,0,2,1,1,0,0,2,0,1,0,0,0,0,0,0,0,0,0,0,0,0,1,1,0,0,0,0,0,0,0,1,1,1,0,0,0,0,0,0,0,0,0,0,0,0,0,0,0,0,0,0,0
Sudan,Government/territory,Darfur-Sudan peace process,Africa (excl MENA),755,Framework Agreement to Resolve the Conflict in Darfur between the Government of Sudan and the JEM,2010-02-23,5,9285,Intra,SubPar,FrparOth,SDN,0,0,0,0,0,0,0,0,0,0,0,0,0,0,0,0,0,0,0,0,0,0,0,0,0,0,0,0,0,0,0,0,0,0,0,0,0,0,0,0,1,1,0,0,0,0,0,0,0,0,0,0,0,0,0,0,0,0,0,0,0,0,0,0,0,0,0,0,0,0,0
Sudan,Government/territory,Darfur-Sudan peace process,Africa (excl MENA),350,Darfur Peace Agreement,2006-05-05,115,198063,Intra,SubComp,FrAg,SDN,3,1,0,1,0,3,1,1,1,0,3,0,0,1,0,1,1,0,0,0,3,1,1,1,0,3,1,1,1,0,0,0,0,0,0,2,0,1,0,0,3,0,1,0,0,0,0,0,0,1,1,1,0,0,0,0,1,1,1,1,1,1,1,1,0,1,1,1,1,1,1
Sudan,Government/territory,Eastern Sudanese Peace Process,Africa (excl MENA),373,Eastern Sudan Peace Agreement,2006-06-19,42,51264,Intra,SubComp,,SDN,2,1,0,1,0,0,0,0,0,0,0,0,0,0,0,0,0,0,0,0,1,1,0,0,0,1,1,0,0,0,0,0,0,0,0,0,0,0,0,0,1,1,0,0,0,0,0,0,0,1,0,0,0,0,0,0,0,0,0,1,0,0,0,0,0,0,0,0,0,0,1
Togo,Government,Togo peace process,Africa (excl MENA),1264,Dialogue Inter-Togolais: Accord Politique Global,2006-08-20,21,25398,Intra,SubPar,MultIss,TGO,0,0,0,0,0,0,0,0,0,0,0,0,0,0,0,0,0,0,0,0,1,1,0,0,0,1,1,0,0,0,0,0,0,0,0,0,0,0,0,0,3,0,1,0,1,1,0,0,0,1,0,0,0,0,0,0,0,0,0,0,0,0,0,0,0,0,0,0,0,0,0
Togo,Government,Togo peace process,Africa (excl MENA),1256,Dialogue inter-togolais: accord cadre de Lomé,1999-09-27,7,14108,Intra,SubPar,Iss,TGO,1,1,0,0,0,0,0,0,0,0,0,0,0,0,0,0,0,0,0,0,0,0,0,0,0,0,0,0,0,0,0,0,0,0,0,0,0,0,0,0,1,1,0,0,0,0,0,0,0,1,1,1,0,0,0,0,0,0,0,0,0,0,0,0,0,0,0,0,0,1,0
Uganda,Government,Uganda peace process,Africa (excl MENA),888,Agreement on Comprehensive Solutions between the Government of the Republic of Uganda and the LRA/M,2007-05-02,13,14798,Intra,SubPar,MultIss,UGA,2,0,0,1,0,3,1,1,1,0,2,0,0,1,0,0,0,0,0,0,2,1,1,0,0,0,0,0,0,0,2,0,0,1,0,0,0,0,0,0,1,1,1,0,2,0,1,0,0,1,0,0,0,0,0,0,0,0,0,0,0,0,0,0,0,0,0,0,0,0,0
Zimbabwe,Government,Zimbabwe post-election process,Africa (excl MENA),1340,Constitution of Zimbabwe Amendment (No 20) 2013,2013-03-19,151,353140,Intra,SubComp,FrCons,ZWE,3,1,0,1,0,3,1,1,1,1,3,1,0,1,0,0,0,0,0,0,3,0,1,1,0,3,0,1,1,0,2,0,0,1,0,0,0,0,0,0,3,0,1,0,2,0,0,1,0,1,1,1,0,1,0,1,1,1,1,1,1,1,1,1,0,1,1,1,1,1,1
Zimbabwe,Government,Zimbabwe post-election process,Africa (excl MENA),826,"Agreement between the Zimbabwe African National Union-Patriotic Front (ZANU-PF) and the Two Movement for Democratic Change (MDC) Formations, on Resolving the Challenges Facing Zimbabwe (Global Political Agreement)",2008-09-15,30,46443,Intra,SubPar,MultIss,ZWE,3,0,0,1,0,0,0,0,0,0,0,0,0,0,0,0,0,0,0,0,2,0,1,0,0,2,0,1,0,0,1,1,0,0,0,0,0,0,0,0,2,0,1,0,0,0,0,0,0,1,0,0,0,0,0,0,0,0,0,0,0,0,0,0,0,1,0,0,0,1,0
